bitcoin,bitcoin,
ethereum,ethereum,
ripple,ripple,
bitcoin-cash,bitcoincashorg,
eos,eosio,
stellar,stellar,
litecoin,litecoin-project,litecoin
cardano,input-output-hk,cardano-sl
monero,monero-project,monero
tron,tronprotocol,
dash,dashpay,dash
iota,iotaledger,
neo,neo-project,
ethereum-classic,ethereumproject,
nem,NemProject,
zcash,zcash,zcash
bitcoin-gold,BTCGPU,BTCGPU
omisego,omise,omise-go
dogecoin,dogecoin,dogecoin
0x,0xProject,
decred,decred,
qtum,qtumproject,qtum
lisk,LiskHQ,
zilliqa,Zilliqa,Zilliqa
aeternity,aeternity,
nano,nanocurrency,
bitcoin-diamond,eveybcd,BitcoinDiamond
bitshares,bitshares,
siacoin,NebulousLabs,Sia
icon,theloopkr,loopchain
bytecoin-bcn,bcndev,
digibyte,digibyte,digibyte
steem,steemit,steem
verge,vergecurrency,
bytom,Bytom,bytom
waves,wavesplatform,
trueusd,trusttoken,
metaverse,mvs-org,
golem-network-tokens,golemfactory,golem
chainlink,smartcontractkit,chainlink
augur,AugurProject,
stratis,stratisproject,
electroneum,electroneum,
holo,holochain,
komodo,KomodoPlatform,
status,status-im,
populous,bitpopulous,
usd-coin,centrehq,centre-tokens
wanchain,wanchain,
paxos-standard-token,paxosglobal,pax-contracts
cryptonex,Cryptonex,
nexo,nexofinance,NEXO-Token
mithril,mithio,mithril-smart-contract
aion,aionnetwork,
maidsafecoin,maidsafe,
dentacoin,Dentacoin,
ravencoin,RavenProject,Ravencoin
loopring,loopring,
ark,ArkEcosystem,
pivx,PIVX-Project,PIVX
hypercash,HcashOrg,hcashd
eternal-token,atom-solutions,EternalToken
reddcoin,reddcoin-project,reddcoin
polymath-network,PolymathNetwork,
veritaseum,veritaseum,
digixdao,digixglobal,
aelf,aelfProject,
decentraland,decentraland,
gxchain,gxchain,
bancor,bancorprotocol,
wax,waxio,
monacoin,monacoinproject,monacoin
cybermiles,cybermiles,
loom-network,loomnetwork,
zencash,ZencashOfficial,
dai,makerdao,
nebulas-token,nebulasio,
revain,Revain,
moac,MOACChain,moac-core
theta-token,thetatoken,
zcoin,zcoinofficial,zcoin
dragonchain,dragonchain,dragonchain
kyber-network,kybernetwork,
mixin,MixinNetwork,
genesis-vision,GenesisVision,
syscoin,syscoin,
elastos,elastos,
enigma-project,enigmampc,
storm,StormX-Inc,crowdsale
substratum,SubstratumNetwork,
cortex,CortexFoundation,
nuls,nuls-io,nuls
storj,Storj,
bitcoin-private,BTCPrivate,BitcoinPrivate
nexus,Nexusoft,
everipedia,EveripediaNetwork,
endor-protocol,EndorCoin,
emercoin,emercoin,
factom,FactomProject,
odem,odemio,ico
neblio,NeblioTeam,
request-network,RequestNetwork,
quarkchain,QuarkChain,
enjin-coin,enjin,contracts
groestlcoin,Groestlcoin,
matrix-ai-network,MatrixAINetwork,
bibox-token,bibox365,bixtoken
gifto,GIFTO-io,
rlc,iExecBlockchainComputing,
mainframe,MainframeHQ,
rchain,rchain,
arbitrage,ARBtoken,
byteball,byteball,byteball
singularitynet,singnet,
skycoin,skycoin,
poet,poetapp,
vertcoin,vertcoin,vertcoin
thekey,thekeygithub,
nucleus-vision,NucleusVision,
pillar,pillarwallet,
tokenomy,tokenomy,
amber,ambrosus,
streamr-datacoin,streamr-dev,
quant,quantnetwork,eth-contract-metadata
raiden-network-token,raiden-network,raiden
spectre-dividend,spectre-ai,
time-new-bank,timenewbank,
telcoin,telcoin,
quantstamp,quantstamp,
moeda-loyalty-points,moedabank,
santiment,santiment,
wagerr,wagerr,
iotex,iotexproject,
bnktothefuture,BankToTheFuture,bft
c20,cryptotwenty,
peercoin,peercoin,
scryinfo,scryInfo,
nix,NixPlatform,NixCore
fusion,FUSIONFoundation,
smartmesh,SmartMeshFoundation,
ost,OpenSTFoundation,
ethlend,ETHLend,Documentation
republic-protocol,republicprotocol,
vitae,VitaeTeam,Vitae
nav-coin,NAVCoin,
poa-network,poanetwork,
ubiq,ubiq,go-ubiq
box-token,boxproject,
storiqa,Storiqa,ico_smart_contract
boscoin,bosnet,sebak
sonm,sonm-io,
district0x,district0x,
salus,saluscoin,SaluS
tomochain,tomochain,
pumapay,pumapayio,pumapay-token
wepower,WePowerNetwork,wepower-contracts
blocknet,BlocknetDX,
credits,CREDITSCOM,
tokenpay,tokenpay,
medx,medibloc,erc20
apollo-currency,ApolloFoundation,Apollo
sirin-labs-token,sirin-labs,
poa-network,poanetwork,
storiqa,Storiqa,ico_smart_contract
ost,OpenSTFoundation,
ubiq,ubiq,go-ubiq
safe-exchange-coin,safex,
pumapay,pumapayio,pumapay-token
box-token,boxproject,
salus,saluscoin,SaluS
nix,NixPlatform,NixCore
tomochain,tomochain,
ruff,RuffNotes,
libra-credit,libracredit,
blocknet,BlocknetDX,
medx,medibloc,erc20
vitae,VitaeTeam,Vitae
achain,Achain-Dev,Achain
dmarket,suntechsoft,dmarket-smartcontract
digitalnote,DigitalNoteXDN,
data,BlockchainDATA,
ttc-protocol,TTCECO,ico_smart_contract
einsteinium,emc2foundation,einsteinium
cryptaur,Cryptaur,
proximax,proximax-storage-foundry,
apollo-currency,ApolloFoundation,Apollo
viacoin,viacoin,viacoin
bottos,Bottos-project,
wepower,WePowerNetwork,wepower-contracts
district0x,district0x,
loopring-neo,loopring,
particl,particl,
blockv,BLOCKvIO,documentation
vibe,amack2u,VibeHub
genaro-network,GenaroNetwork,
arcblock,arcblock,
adx-net,adexnetwork,
jibrel-network,jibrelnetwork,
ripio-credit-network,ripio,rcn-network
medishares,MediShares,
game,GameLeLe,
smartcash,SmartCash,Core-Smart
eosdac,eosdac,
burst,PoC-Consortium,
cloakcoin,CloakProject,Cloak2Public
novacoin,novacoin-project,novacoin
tierion,chainpoint,
quantum-resistant-ledger,theQRL,
content-neutrality-network,cnntoken,
apis,Oxchild,crowdsale
alqo,alqocrypto,alqo
smartlands,Smartlands-Platform,SLT
zclassic,z-classic,zclassic
pchain,pchain-org,
nexty,nextyio,
steem-dollars,steemit,steem
e-dinar-coin,Edinarcoin1,blockchain
loki,loki-project,loki
hydrogen,hydrogen-dev,smart-contracts
apex,APEX-Network,
edgeless,EdgelessCasino,
etherparty,etherparty,
swarm-fund,swarmfund,
truedeck,TrueDeck,
mobius,mobius-network,
vite,vitelabs,
spankchain,spankchain,
etheera,Etheera,
xtrabytes,XTRABYTES,
ins-ecosystem,insolar,insolar
stakenet,X9Developers,XSN
linda,TheLindaProjectInc,Linda
stasis-eurs,STASISNET,
covesting,covesting,
rotharium,CryptoFutureGmbH,RothariumToken
bitcoin-interest,BitcoinInterestOfficial,BitcoinInterest
iot-chain,IoTChainCode,
haven-protocol,havenprotocol,haven
moss-coin,realityreflection,MossCoin
happycoin,happycoinmaster,Happycoin
dock,getdock,
qlink,qlcchain,
metronome,autonomoussoftware,
electra,Electra-project,
uttoken,UnitedTraders,uttoken
boolberry,cryptozoidberg,boolberry
xyo-network,XYOracleNetwork,
bitnewchain,bitnew-chain,
asch,AschPlatform,
seele,seeleteam,
rock,Gibraltar-Blockchain-Exchange,rock-token
medibloc,Medibloc,
cpchain,cpchain,
gulden,Gulden,gulden-official
ion,ionomy,ion
doc-com-token,Docademic,
internet-node-token,intfoundation,
loyalcoin,NemProject,nem.core
casinocoin,casinocoin,casinocoin
gamecredits,gamecredits-project,
callisto-network,EthereumCommonwealth,
mercury,SigwoTechnologies,
leocoin,Leocoin-project,LEOcoin
dero,deroproject,derosuite
bitcore,LIMXTEC,BitCore
nkn,nknorg,
zeepin,zeepin,
timicoin,timihealth,timicoin
litecoin-cash,litecoincash-project,
legolas-exchange,LegolasExchange,LegolasToken
robotina,Robotinaico,token
unobtanium,unobtanium-official,Unobtanium
primecoin,primecoin,primecoin
kickico,kickico,
paccoin,PACCommunity,
lunyr,Lunyr,
prizm,prizmspace,PrizmCore
delphy,DelphyProject,
cosmo-coin,cosmochain,CosmoCoin
origintrail,origintrail,
pascal-coin,PascalCoin,PascalCoin
lockchain,LockTrip,
aeron,aeronaero,aeron
decent,DECENTfoundation,
monetha,monetha,
minexcoin,minexcoin,minexcoin
bloomtoken,hellobloom,core
bittwatt,bittwatt,BittWattToken
presearch,presearchofficial,
bitcoin-green,bitcoingreen,bitcoingreen
feathercoin,FeatherCoin,Feathercoin
energi,energicryptocurrency,
aeon,aeonix,aeon
cobinhood,cobinhood,cobinhood-api-public
bismuth,hclivess,Bismuth
mass-vehicle-ledger,mvlchain,mvltoken
library-credit,lbryio,
tao,taoblockchain,tao-core
nanjcoin,NANJ-COIN,
qubitica,dantak2000,qubitica
counterparty,CounterpartyXCP,
daps-token,DAPScoin,
atn,atnio,
distributed-credit-chain,DistributedBanking,DCC
everus,EverusWorld,
melon,melonproject,
blocktix,blocktix,
agrello-delta,Agrello,
restart-energy-mwat,TransylvaniaHighTech,RestartEnergyICO
gincoin,gincoin-dev,gincoin-core
bulwark,bulwark-crypto,
crown,Crowndev,crowncoin
playgroundz,Playgroundz,smart-contracts
ink,inklabsfoundation,
universa,UniversaBlockchain,
namecoin,namecoin,
fuzex,fuzex,
graft,graft-project,
semux,semuxproject,semux-core
phore,phoreproject,Phore
newyorkcoin,NewYorkCoin-NYC,
educare,EducationEKT,EKT
eximchain,eximchain,
ino-coin,InoCoin,
shift,ShiftNrg,
html-coin,HTMLCOIN,
bean-cash,TeamBitBean,bitbean-core
u-network,U-Network,unetwork
elastic,xel-software,
bankex,BankEx,
unikoin-gold,unikoingold,
yeed,yggdrash,
numeraire,numerai,
soarcoin,neowenyuan27,SoarCoin
brickblock,brickblock-io,
hydro-protocol,HydroProtocol,
nerves,NerFoundation,
ifoods-chain,IFoodsChainProject,
winding-tree,windingtree,
contentbox,BOXFoundation,
dadi,dadi,
patron,patron-ico,
pandacoin-pnd,DigitalPandacoin,pandacoin
hempcoin,hempcoin-project,hempcoin
six-domain-chain,SDChain,SDChain-Core
diamond,DMDcoin,Diamond
maecenas,cofoundit,cfi-maecenas
flo,floblockchain,flo
carvertical,carVertical,
nasdacoin,Nasdacoin,Nasdacoin
colossusxt,ColossusCoinXT,ColossusCoinXT
clams,dooglus,bitaddress.org
linkeye,LinkEyeOfficial,
monetaryunit,MUEcoin,
dovu,TokenMarketNet,ico
latoken,ElKornacio,contracts-early
pal-network,policypalnet,
safeinsure,SafeInsure,sins-coin
blackmoon,blackmoonfg,
vinchain,VinChain,VINchain-blockchain
xinfin-network,XinFinorg,
traxia,TeamTraxia,traxiaMembershipToken
swissborg,SwissBorg,
rise,risevision,
phantasma,phantasma-io,
global-social-chain,gscsocial,gsc-core
deeponion,deeponion,deeponion
pura,PURAcore,
humaniq,humaniq,
sharder,Sharders,
bitcoin-atom,bitcoin-atom,
mktcoin,Mktcoin-official,Mktcoin
optitoken,optitokener,
avinoc,AVINOCICO,
lamden,Lamden,
luxcoin,LUX-Core,
potcoin,potcoin,
cardstack,cardstack,cardstack
blockport,Blockport,
blue-whale-token,BlueWhaleFoundation,
myriad,myriadteam,myriadcoin
ivy,ivy-project,
olympus-labs,Olympus-Labs,
own,chainium,
scorum-coins,Scorum,Scorum
six,thesixnetwork,
flash,flash-coin,
zper,zperteam,
radium,RadiumCore,radium-0.11
electrifyasia,electrifyasia,
spectrecoin,spectrecoin,spectre
bitdice,bitdice-me,csno
xaurum,XaurumTeam,XaurumOnEthereum
local-coin-swap,LocalCoinSwap,cryptoshares
anoncoin,Anoncoin,anoncoin
boxx-token-blockparty,Blockpartyticketing,ERC20Token
polyswarm,polyswarm,
gravity,GZR0,GRZ0
synereo,synereo,
merculet,Merculet,
ucash,udotcash,
ubex,ubex-ai,
musicoin,musicoin,
decision-token,HorizonState,token-sale
ethersocial,ethersocial,
bitcoin-incognito,XBIncognito,public
airbloc,airbloc,token
stk,STKtoken,
gridcoin,gridcoin,Gridcoin-Research
experty,Experty,
rightmesh,rightmesh,
atc-coin,atccoinofficial,ATCC
stellite,stellitecoin,
iocoin,IOCoin,DIONS
cappasity,CappasityTech,
midasprotocol,MidasCore,
remme,Remmeauth,
bezop,bezopteam,
toacoin,toacoin,TOA
lendingblock,lendingblock,
get-protocol,GUTSTickets,
vericoin,vericoin,vericoin
helium,heliumchain,helium
suncontract,SunContract,
guppy,Matchpool,
polis,polispay,polis
solaris,Solaris-Project,Solaris
bodhi,bodhiproject,
experience-points,eXperiencePoints,XPCoin
echolink,EchoLinkTech,Echo
eroscoin,eroscoin,
stealth,StealthSend,Stealth
karma,Karma-blockchain,
xmax,XMaxPlatform,
bitsend,LIMXTEC,BitSend
gonetwork,gonetwork-project,gonetwork-framework
deviantcoin,Deviantcoin,Source
nolimitcoin,NoLimitCoin,
airwire,AirWireOfficial,wire-core
yocoin,yocoin15,
ink-protocol,InkProtocol,ink-protocol
vipstar-coin,VIPSTARCOIN,VIPSTARCOIN
paycent,PaycentGlobal,
masternet,masternetio,
linker-coin,linkercoinfoundation,
massgrid,MassGrid,MassGrid
zap,zapproject,
spectre-utility,spectre-ai,
gambit,collincrypto,gambitcrypto
trustnote,trustnote,
digix-gold-token,mrenoon,2582fba7b4d457d80f7d37520aabbc08
morpheus-labs,Morpheuslabs-io,
cyclean,cycleanio,
zelcash,zelcash,zelcash
ulord,UlordChain,UlordChain
leverj,leverj,
coinpoker,CoinPokerOfficial,ico-smartcontracts
trinity-network-credit,trinity-project,
chronobank,ChronoBank,
sentinel,sentinel-official,
niobium-coin,niobiumfoundation,NiobiumCoin
cononchain,canonchain,canonchain
oneledger,Oneledger,OLT
atonomi,atonomi,
paragon,paragon-coin,token
omni,OmniLayer,
fnkos,foglink,contracts
espers,cryptocoderz,espers
peerplays-ppy,PBSA,
shield-xsh,ShieldCoin,SHIELD
stox,stx-technologies,stox-token
vexanium,vexanium,
aurumcoin,aurumcoin-au,Aurumcoin-AU
dubaicoin-dbix,dubaicoin-dbix,go-dubaicoin
measurable-data-token,measurabledatatoken,
cashbery-coin,CashberyCoin,cashberycoin
wabnetwork,WABnetwork,Token
daostack,daostack,
sibcoin,ivansib,sibcoin
peculium,PeculiumPCL,Peculium
xriba,Xriba,
solarcoin,onsightit,solarcoin
morpheus-network,MorpheusNetwork,
formosa-financial,formosafinancial,
dxchain-token,DxChainNetwork,dxchain-token-contracts
expanse,expanse-org,
brahmaos,BrahmaOS,
indahash,indahash,
sequence,duality-solutions,
trueflip,TrueFlip,
masari,masari-project,masari
heronode,hero-node,
1world,1World-Online,
prochain,prochain,
thingschain,TICnetwork,TIC-token
gobyte,gobytecoin,gobyte
dynamic,duality-solutions,
selfsell,SelfSellTeam,
realtract,RETnetwork,
mysterium,MysteriumNetwork,
vezt,Vezt,Vezt
arionum,arionum,node
swarm-city,swarmcity,
okcash,okcashpro,okcash
bitdegree,bitdegree,
canyacoin,CanYaCoinSale,
debitum-network,debitum,
dnotes,DNotesCoin,DNotes2.0
devery,devery,
lightpaycoin,lpcproject,LightPayCoin
mybit,MyBitFoundation,MyBitDapp
ondori,ondori-project,
rate3,rate-engineering,
effect-ai,effectai,
trust,WeTrustPlatform,
red,red,red
the-abyss,theabyssportal,
nebula-ai,nebulaai,
stronghands,stronghands,stronghands
foldingcoin,FoldingCoin,
dav-coin,DAVFoundation,
acute-angle-cloud,AcuteAngleCloud,
rentberry,Rentberry,
gene-source-code-chain,GeneSourceCodeChain,
turtlecoin,turtlecoin,turtlecoin
popchain,PopchainOrg,
swisscoin,SwisscoinTM,
aphelion,aphtoken,
silent-notary,SilentNotary,ICO-SN
bitrent,bitrent,
logiscoin,lgsproject,LogisCoin
gatcoin,gatcoin,
coinfi,coinfi,coinfi
pinkcoin,Pink2Dev,Pink2
atmos,asphyxiating,atmostemp
adshares,adshares,
travala,travala,AVA-token
syndicate,SyndicateLtd,
commerceblock,commerceblock,
pirl,pirl,
project-coin,projectcoincore,ProjectCoin
sphere,SphereDevs,sphere
flip,gameflip,
rebl,RebelliousToken,
auroracoin,aurarad,auroracoin
nper,NperProject,
colu-local-network,colucom,CLN-solidity
open-trading-network,OpenTradingNetworkFoundation,
lethean,valiant1x,intensecoin
kora-network-token,koranetwork,
bounty0x,bounty0x,
forkcoin,forkcoindev,forkcoin
x8x-token,x8currency-project,x8CurrencySmartContracts
insurepal,InsurePal,
global-cryptocurrency,TheGCCcoin,TheGCCcoin-source-code
bee-token,thebeetoken,
hollywoodcoin,hollywoodcoin-project,HollyWoodCoin
bitcoinz,bitcoinz-pod,bitcoinz
starbase,starbaseco,
bitscreener-token,BitScreenerTech,SmartContracts
noku,noku-team,noku-wallet
korecoin,Kore-Core,kore
matryx,matryx,
jet8,jet8,
internet-of-people,Internet-of-People,
social-send,SocialSend,
on-live,OnLivePlatform,
curecoin,cygnusxi,CurecoinSource
exclusivecoin,exclfork,ExclusiveCoin
nusd,Havven,havven
transfercoin,transferdev,Transfercoin
credit-tag-chain,credittag,CreditTagChain
uchain,UChainNetwork,
playkey,Playkey,ico-contracts
vulcano,VulcanoCrypto,
tronclassic,TronClassic-TRXC,
jsecoin,jsecoin,
faceter,faceterteam,smart_contracts
apollon,apollondeveloper,ApollonCore
sharpay,sharpay-io,
hicoin,hicoindev,hicoin
0xbtc,0xbitcoin,0xbitcoin-token
cruisebit,cruisebit,crbtcoin
trakinvest,ankit-trakinvest,trakinvest
divi-exchange-token,Divicoin,
dowcoin,dowtoken,
1337coin,xenonflux,1337
likecoin,likecoin,
sprouts,sprouts-coin-org,sprouts
zero,zerocurrencycoin,
bitclave,bitclave,
cpollo,Cpollo,
internxt,internxt,
hexx,hexxcointakeover,hexxcoin
ubcoin-market,ubcoin,ubcoin
fintrux-network,FintruX,
niobio-cash,niobio-cash,niobio-node-daemon
hoqu,hoqu-io,
neoscoin,neoscoin,neos-core
pareto-network,ParetoNetwork,
fedoracoin,jojapoppa,fedoratipscoin
daneel,project-daneel,
4new,muditgrover,4new-crowdsale
block-array,blockarraygroup,
breakout-stake,BreakoutCoin,
atlant,AtlantPlatform,
digital-asset-guarantee-token,GRANDDREAM,
memetic,pepeteam,pepecoin
dether,dethertech,
akroma,akroma-project,akroma
capricoin,Capricoinofficial,Capricoin
soniq,soniqproject,smart-contracts
wearesatoshi,WeAreSatoshi,
denarius-dnr,carsenk,denarius
metamorph,MetaMorphPro,MetaMorph-Lite
publica,PublicaIO,
heartbout,heartbout,SmartContract
goldcoin,goldcoin,
tgame,truegame,truegame-contracts
belacoin,TheAmbiaFund,erc20bela
cryptosolartech,cryptosolartech,smartcontract
level-up,Play2Live,blockchain
xceltoken,xceltripofficial,xceltoken
birake,birake,birakecoin
bethereum,bethereumproject,
veriumreserve,VeriumReserve,
universal-currency,unitcurrency,unitcurrency
repme,LadoAlejandro,RepMe
ryo-currency,ryo-currency,ryo-currency
eristica,Krishtopa,ContractEristica
privatix,Privatix,
mywish,mywishplatform,
zest,ZestFoundation,
quantis-network,QuantisNetwork,Quantis-public
cannabiscoin,cannabiscoindev,cannabiscoin420
freyrchain,Freyrchain,FREC
gladius-token,gladiusio,
chronologic,chronologic,
betterbetting,BetterBetting,
eboostcoin,eBoostCrypto,eBoost
hyperstake,hyperstake,HyperStake
mindexcoin,mindexcoin,Mindexcoin
terracoin,terracoin,
fire-lotto,firelotto,firelotto
vice-industry-token,ViceIndustryToken,
imbrex,rexmls,whitepaper
sapien,SapienNetwork,
fsbt-api-token,fortysevenbank,
thrive-token,thrivelabs,
kryll,Cryptense,KryllToken
auctus,AuctusProject,
owndata,owndata,owndata-token
sumokoin,sumoprojects,sumokoin
rupee,rupeedigitalassets,Rupee-Core
audiocoin,aurovine,audiocoin
clearcoin,clearcoin,
42-coin,42-coin,42
trittium,Trittium,trittium
wandx,WandXDapp,
eunomia,ENTSProject,
futurax,futuraxproject,
proton-token,ProtonNetwork,
breakout,BreakoutCoin,
origin-sport,OriginSport,
the-champcoin,tcc-world,go-tcc
bettex-coin,bettexproject,bettexcoin
evergreencoin,EverGreenCoinDev,EverGreenCoin
maverick-chain,mvchain,
ebtcnew,eBTCCommunityTrustToken,
gold-poker,GoldPoker,GoldPoker-coin
pedity,PedityOfficial,
traceability-chain,TraceabilityChain,
utrum,utrum,
sportyco,sportyfi,
evencoin,evencoinevn,Evencoin
stipend,Stipend-Developer,stipend
bigbom,bigbomio,
naviaddress,naviworld,navi-token
parkgene,parkgene,
bitcoen,BitCoen,
huntercoin,chronokings,huntercoin
zinc,zincwork,Token
neutron,neutroncoin,neutron
shard,ShardcoinRepo,shard
exmr,eXMRcoin,Ethereum-Monero
boutspro,Bouts-Pro,
tokenbox,zeriontech,
ongsocial,onGsocial,
mnpcoin,MasterNodesPro,MNPCoin
penguin-coin,coinwebfactory,penguincore
argentum,argentumproject,
narrative,NarrativeCompany,tokensale-neo-smartcontract
universe,universe-project,
monkey-project,MONKEYPROJECT,MonkeyV2
ace,token-stars,ace-token
bonpay,bonpay,
magnet,magnetwork,magnet
0xcert,0xcert,ethereum-erc20
bitcoin-plus,bitcoinplusorg,
goldmint,Goldmint,
giant-coin,GiantPay,GiantCore
ndex,ndexnetwork,
pesetacoin,FundacionPesetacoin,PesetacoinCore
bitrewards,BitRewards,
invacio,Invacio,
snowgem,Snowgem,Snowgem
genesisx,genesis-x,
blitzpredict,blitzpredict,
modultrade,ModulTrade,
bitcoin-token,bitcoin-token,
syncfab,syncfab,
kalkulus,kalkulusteam,klks
soma,soma-mvp,
iqeon,iqeon,
ethergem,TeamEGEM,go-egem
hurify,HurifyPlatform,
fantasygold,FantasyGold,FantasyGold-Core
orbitcoin,Orbitcoin,
pylon-network,klenergy,
nullex,white92d15b7,GPU-Coin
cryptonite,pallas1,Cryptonite
galactrum,galactrum,galactrum
xmct,xmedchain-dev,eth_crowdsale
webcoin,webcoinico,Webcoin-Digital-Marketing-2.0
bitmark,project-bitmark,
igtoken,IgniteIGT,token-profile
op-coin,rfo92,OPCoin
iungo,iungonetwork,
condominium,condominium,
zcore,zcore-coin,zcore-source
xgox,bumbacoin,xgox
paymon,PaymonTeam,
gainer,GainerCoin,GainerCoin
photon,photonproject,photon
blocknode,blocknodetech,blocknode
ellaism,ellaism,
aigang,AigangNetwork,
student-coin,bitjobteam,
auxilium,auxiliumglobal,
fujicoin,fujicoin,fujicoin
white-standard,thewhitecompany,whitestandard
straks,straks,straks
vsync-vsx,VsyncCrypto,VSX
zeuscrowdfunding,ZEUS-coin,
bloc-money,furiousteam,BLOC
viuly,viuly,
crycash,CRYCASH,
apr-coin,APRCoin,
webchain,webchain-network,
fox-trading,foxtrading,
creativecoin,creativechain,
xchange,Xcgtech,
citadel,cntemple,Citadel
digital-insurance-token,Inmediate,BackendSystem
fluttercoin,ofeefee,fluttercoin
bitwhite,BTWhite,BTWChain
biocoin,Blackithart,biocoin
ethersportz,EtherSportz,
fundrequest,fundrequest,
alt-estate-token,AltEstate,altestate
amon,amontech,
actinium,Actinium-project,
lanacoin,LanaCoin,lanacoin
coinlancer,coinlancer,
data-exchange,DataBrokerDAO,
signals-network,signalsnetwork,
tokia,tokiateam,
live-stars,LiveStars,
arcticcoin,ArcticCore,arcticcoin
micromoney,micro-money,prime
fivebalance,fivebalanceID,
808coin,maxxine,808
euno,Euno,eunowallet
mao-zedong,mao-zedongx,mao-zedong
cybermusic,cybermusicio,ico
rupaya,rupaya-project,rupx
typerium,Typerium,
campuscoin,campuscoindev,CampusCoin-Source
cryptoflow,CryptoFlowCoin,CryptoFlowCoin
eztoken,ezpos,
aditus,aditus,
ab-chain-rtb,AB-CHAIN-com,
bitsum,BitsumFoundation,
peepcoin,PXN-Foundation,Peepcoin
newton-coin-project,livenet123,Newton
growers-international,growersintl,
bunnytoken,BunnyToken,smartcontracts
joulecoin,joulecoin,joulecoin
pigeoncoin,Pigeoncoin,pigeoncoin
jury-online-token,juryonline,contracts
ignition,ignitioncoin,
beetle-coin,beetledev,Wallet
drp-utility,frankbonnet,DCORP-Whitepaper
iridium,iridiumdev,iridium
phoenixcoin,ghostlander,Phoenixcoin
huzu,HUZU-Project,HUZU
blocklancer,BlocklancerOrg,
elysian,Elysian-ELY,Smart-Contract
abulaba,abulaba,aaa
catocoin,CatoCoin,CatoCoin
martexcoin,martexcoin,martexcoin
briacoin,briastorm,briacoin
zetacoin,zetacoin,zetacoin
privcy,privcycoin,privcy
dystem,Dystem,
linx,linX-project,
freicoin,freicoin,freicoin
octoin-coin,OctoinCoin,octoin
spreadcoin,spreadcoin,spreadcoin
intelligent-trading-foundation,intelligenttrading,
bitcoinus,Bitcoinus,
bbscoin,bbscoin,
startcoin,startcoin-project,
billionaire-token,BillionaireToken,TokenCore
wixlar,wixlar,
transcodium,transcodium,
phonecoin,phonecoin-PHON,
vikkytoken,vikkyteam,vikkyico
crowdholding,crowdholding,yup-token
witchain,witchaindev,
ezoow,ezoowtoken,ezoow-token
votecoin,Tomas-M,VoteCoin
roulettetoken,Smartroulette,
xovbank,xovercoin,
magi,magi-project,
atheios,atheioschain,
vivo,vivocoin,vivo
acre,acrecoin,acrecoin
unify,SBDomains,unify-source
adultchain,AdultChain,AdultChain
rimbit,Rimbit-Project,
digiwage,digiwage,digiwage
neural-protocol,neuralprotocol,NRPSmartContract
dietbitcoin,dietbitcoin,dietbitcoin
benz,elangindonesia,
iqcash,IQ-Cash,iqcash
steneum-coin,dhabitafx,steneum
zenswap-network-token,zenswapnetwork,ZenswapNetwork
dach-coin,dachcoin,dachcoin
eaglex,elangindonesia,EagleCoin
tourist-token,globaltouristteam,smartcontract
litecoin-plus,Crypto-Currency,litecoinplus
bitcoinote,Bitcoinote,Bitcoinote-Core
adcoin,adcoin-project,AdCoin
grandcoin,GrandcoinGDC,Grandcoin
help-the-homeless-coin,HTHcoin,HTH
irishcoin,IrishCoinProject,IrishCoin
lobstex,avymantech,lobstex
mirai,bumbacoin,Mirai-Master
tokendesk,TokeDesk,TDS
eltcoin,ELTCOIN,
honey,cryptofun,honey
havy,havytoken,smartcontract
simmitri,Simmitri,
desire,lazyboozer,Desire_files
greenmed,GreenMed,Token
decentralized-asset-trading-platform,datpdev,
cryptrust,cryptrusten,
bitmoney,CryptVenture,BitMoneyV2
joint-ventures,JointVentures,
gohelpfund,GoHelpFund,
archetypal-network,hakanservet,Archetypal-Source-Code
primestone,Primestonecoin,
deuscoin,deuscoin-org,
bionic,bioniccoin,BNC
smartfox,smartfoxteam,smartfox
scriv-network,ScrivNetwork,scriv
gossipcoin,g0ssipcoin,GossipCoinCore
tajcoin,Taj-Coin,tajcoin
paxex,paxex,paxchange
eryllium,Eryllium,
nitro,nitrotoken,nitro-crowdsale
allion,EpyxZ,Allion
impact,Impactcoin,IMX
plancoin,plancoin,
gamblecoin,GambleCoin-Project,GambleCoin
yolocash,YOLOCASH,YoloCash-YLC-ERC20-Smart-Contract
indinode,coinwebfactory,indinode
ourcoin,ourcoin1,OurCoin
nyerium,nyerium-core,nyerium
ether-kingdoms-token,imptoken,
peony,peonyCoin,Peony
coinonat,coinonat,
bitcoin-one,BitCoinONE1,
bolenum,Bolenum,Boleno
oyster,oysterprotocol,
faircoin,FairCoinTeam,fair-coin
lykke,LykkeCity,
neumark,Neufund,
proxeus,ProxeusApp,
grid,gridplus,
dimecoin,dime-coin,
rubycoin,rubycoinorg,rubycoin
dao-casino,daocasino,
mintcoin,MintcoinCommunity,
golos,GolosChain,
alis,AlisProject,
nimiq-exchange-token,nimiq-network,
quark,quark-project,quark
coinvest,CoinvestHQ,COIN
copytrack,copytrackio,cpy-contracts
sharpe-platform-token,sharpe-capital,
sense,sensay,
lomocoin,lomocoin,
bullion,elambert2014,bullion
zeitcoin,zeitcoin,zeitcoin
tigereum,tigertoken,tigereum
b3coin,B3-Coin,B3-CoinV2
sociall,sociall-io,
zippie,zippiehq,
sether,mware-solutions,
smoke,smokenetwork,
oyster-shell,oysterprotocol,
bluecoin,bluecoiner,bluecoin-new
maxcoin,Max-Coin,
heat-ledger,Heat-Ledger-Ltd,
tiesdb,tiesnetwork,
signal-token,SpectivOfficial,
latiumx,Latium-org,
blockpool,blockpool-io,
teslacoin,TeslacoinFoundation,TeslacoinCore
carboncoin,carboncointrust,CarboncoinCore
payfair,payfairio,
uniform-fiscal-object,fiscalobject,ufo
buzzcoin,buzzcoin-project,BUZZ
darcrus,SigwoTechnologies,
opus,Opus-foundation,contracts
ethorse,ethorse,
gcn-coin,OpenNetworking,gcoin-community
verify,verifyas,
zoin,zoinofficial,Zoin
speed-mining-service,Speed-Mining,SMSCoin
amlt,TokenMarketNet,ico
worldcoin,worldcoinproject,worldcoin-v0.8
mozo-token,Biglabs,Mozo-SC
karbo,seredat,karbowanec
e-coin,ecoinclub,ecoin
chips,DeckerSU,chips3
powercoin,PWRcoin,PWRcoin
kobocoin,kobocoin,Kobocoin
supercoin,CryptoUnited,SuperCoin
noblecoin,NobleCoinNOBL,noblecoin
russiacoin,RussiaCoinDotInfo,RussiaCoin
kind-ads-token,kindads,platform
flypme,flypme,
talao,TalaoDAO,marketplace
force,forceunited,
kekcoin,Kekcoin-Core,
equitrader,equitrader,Equitrade
hush,MyHush,
ixcoin,ixcore,ixcoin
e-gulden,Electronic-Gulden-Foundation,
woodcoin,funkshelper,woodcore
biblepay,biblepay,biblepay
lynx,doh9Xiet7weesh9va9th,lynx
wispr,WisprProject,core
qubitcoin,willowrose,QubitCoin
trollcoin,TrollCoin2,
crave,Crave-Project,Crave-NG
view,Viewly,token-contracts
i0coin,domob1812,i0coin
smileycoin,tutor-web,
cartaxi-token,CarTaxiico,
zennies,zennies,zennies
innova,innovacoin,innova
bridge-protocol,bridge-protocol,
bitcloud,LIMXTEC,Bitcloud
canada-ecoin,Canada-eCoin,
cazcoin,copicogithub1,cazcoin
advanced-internet-blocks,iobond,aib
skeincoin,skeincoin,skeincoin
kanadecoin,KanadeCoin,kanadecoin
digitalprice,DigitalPrice,
digitalcoin,lomtax,digitalcoin
platinumbar,xptx,PlatinumBar
adzcoin,AdzCoin,adzcoin
piggycoin,piggycoin,newpiggycoin
moin,MOIN,moin
xdna,XDNA-Core,XDNA
dashcoin,papaLazzarou,dashcoin
bitradio,thebitradio,Bitradio
incakoin,madross,incakoin-new
bitzeny,bitzeny,bitzeny
women,womencoin,womencoin
popularcoin,Pop-Currency-Foundation,PopularCoin
vivid-coin,vividplatform,vividcoin
blakecoin,BlueDragon747,
sagacoin,sagacrypto,SagaCoin
megacoin,LIMXTEC,Megacoin
bitcoinfast,Crypto-Currency,bitcoinfast
ultracoin,presstab,ultracoin-2
well,joinwell,
musiconomi,Musiconomi,
edrcoin,EDRCoin,
elementrem,elementrem,
unitus,unitusdev,unitus
triangles,wurstgelee,triangles
bitbar,Bitbarcoin,bitbar
rapids,RapidsOfficial,RapidsToken
britcoin,britcoin3,
deutsche-emark,emarkproject,eMark
synergy,Grandpa-Jones,Synergy
bitcoin-scrypt,bitcoin-scrypt,bitcoin-scrypt
truckcoin,noise23,Truckcoin
inflationcoin,inflationcoin,inflationcoin
bitstar,bitstar,bitstar
jesus-coin,jesusico,jesuscoin
origami,origamiMP,
fastcoin,fastcoinproject,fastcoin
cream,creamcoin,CREAM-cryptocurrency
mmocoin,MMO-Coin,mmocoin
tekcoin,maxxine,TEK
bata,BTA-BATA,Bataoshi
btctalkcoin,BCCproject,
allsafe,Securitybank,Allsafe2
hodlcoin,HOdlcoin,HOdlcoin
tittiecoin,tittiecoin,tittiecoin
mithril-ore,mithrilore,browser-solidity
ratecoin,RateCoinXRA,ratecoin
renos,RenosCoin,RenosCoin
halcyon,ghostlander,Halcyon
insanecoin-insn,CryptoCoderz,INSN
accelerator-network,acceleratornetwork,accelerator-token
numus,numuscrypto,numuscore
masternodecoin,masternodecoin,masternodecoin
tokyo,tokyocoindev,tokyocoinsrc
blazecoin,wpstudio,blazecoin
gapcoin,gapcoin,
putincoin,PutinCoinPUT,PutinCoin
chesscoin,coinforchess,chesscoin
emerald,crypto-currency,Emerald
bitcoin-w-spectrum,raymaker,bitcoinwspectrum
pakcoin,pakcoin-project,pakcoin
netko,NetkoCoin,
graphcoin,Graphcoin,source
smartcoin,psionin,smartcoin
commercium,CommerciumBlockchain,Commercium
croat,croatproject,Croat
darsek,scificrypto,Darsek
printex,Printex-official,printex-core
litebar,Crypto-Currency,litebar
obsidian,obsidianproject,
jin-coin,JinCoin,
dragonglass,dragonglasscom,smart-contracts
blast,blastdev,blast-core
marscoin,marscoin,
aricoin,AricoinCurrency,Aricoin
teloscoin,phoenixkonsole,transcendence
fantasy-cash,FootyCash,
nyancoin,Nyancoins,
onix,onix-project,
iticoin,sppl,iti
leviar,leviarcoin,leviarcoin-src
aquariuscoin,AquariusNetwork,ARCO
embers,theembermine,
digital-money-bits,DMBcryptocurrency,dmb
cryptojacks,cryptojacks,CryptoJacks
signatum,signatumd,source
pascal-lite,PascalLite,
shekel,shekeltechnologies,
zozocoin,ZoZoCoin,ZoZo-blockchain
joincoin,joincoin,joincoin
ultimate-secure-cash,SilentTrader,UltimateSecureCash
mincoin,mincoin,
purevidz,purevidz,vidzcoin
rpicoin,rpicoin,rpicore.git
mojocoin,MOJOv3,mojocoin
brokernekonetwork,BrokerNekoNETWORK,BNNCODE
steepcoin,Steepdev,SteepCoin
zoomba,zoombacoin,zoomba
goldblocks,goldblockscoin,goldblocks
quatloo,quatloos,quatloo
revolvercoin,RevolverCoin,revolvercoin
coinonatx,xcxt-community,
kurrent,kurrentproject,Kurrent
the-cypherfunks,The-Cypherfunks,The-Cypherfunks
berncash,BERNiecoin,BERNcash
trackr,trackr-im,
parallelcoin,marcetin,parallelcoin
securecoin,securechain,
arion,arioncoin,arioncoin
bitcoin-21,bitcoin21,v1.0
globaltoken,globaltoken,globaltoken
harvest-masternode-coin,HarvestMasternodecoin,Harvestcoin
crowdcoin,crowdcoinChain,Crowdcoin
droxne,droxdev,Drox
qvolta,qvolta,
swing,SwingCoin,Swing
nevacoin,Nevacoin,nevacoin
boostcoin,mammix2,boostcoin-core
high-voltage,highvoltagecoin,highvoltagecoin
bigup,BigUps,
zurcoin,zurcoin,zurcoin
sixeleven,611project,sixeleven
c-bit,Infernoman,C-Bit
globalboost-y,GlobalBoost,GlobalBoost-Y
evil-coin,coins4lunch,EvilCoin
sparks,SparksReborn,sparkspay
bolivarcoin,ElpidioMC,bolivarcoin
eternity,eternity-group,eternity
ammo-reloaded,AmmoCore,AmmoReloaded
quebecoin,morinpa,QBC
pluracoin,pluracoin,PluraCoin
influxcoin,chainworksindustries,influx
doubloon,OBAViJEST,boatcoinfinal
carebit,carebitcoin,carebitcoin
cheesecoin,CheeseCoin,
socialcoin-socc,SocialCoinNetwk,SocialCoin
californium,Californium,Californium
dollarcoin,dollarcoins,source
compucoin,compucoin,
postcoin,PostCoinDevelopers,PostCoin
x-coin,jimblasko,xcoin
geysercoin,geysercoin,geysercoin
redcoin,redcoinproject,redcoin
arepacoin,ElpidioMC,Arepacoin
garlicoin,GarlicoinOrg,Garlicoin
eurocoin,scriptexpert,Eurocoin
digipulse,digipulseio,
starcash-network,cybernetik7,StarCash-Network-2.0
bumbacoin,bumbacoin,bumbacoin2-source
acoin,acoin-project,acoin
azart,azartpay,azart
theresa-may-coin,ZuluFourM1ke,TheresaMayCoin-v1.0.1.0
rhenium,Rheniumnetwork,
javascript-token,jschain,
sativacoin,NewSativacoinDev,sativacoin
folmcoin,folm,
virtacoin,virtacoin,VirtaCoinProject
bitcoal,bitcoal,bitcoal
vector,vectorcoindev,Vector
independent-money-system,independentmoneysystem,IMSCoin
visio,Fladirmacht,visioX
money,moneyfoundation,money
nekonium,nekonium,
soilcoin,Soilcoin,SOILsafe
macron,MacronCoin,Macron
leacoin,leacoin,LeaCoin
amsterdamcoin,CoinProjects,AmsterdamCoin-v4
grimcoin,GrimReaperCoins,GRIM
posex,PosEx,Posex
phantomx,phantomxdev,phantomx
postoken,PoSToken,
kingn-coin,ulandort,kingncoin-source
zayedcoin,ZayedCoin,Zayedcoin
benjirolls,BelligerentFool,BenjiRolls
neuro,neurocoin,neurocoin
flaxscript,thegreatoldone,flaxscript
plncoin,plncoin,PLNcoin_Core
cannation,cannationproject,cannation
ragnarok,ragnaproject,Ragnarok
bitcoin-planet,btpl2017,bitcoinplanet
iconic,iconictoken,iconic
credence-coin,XYZ1345,
jiyo-old,jiyocoin,jiyo-core
speedcash,scashml,
litecred,litecred,litecred
bowscoin,bowscoin,bowscoin
pioneer-coin,PCOIN,
kronecoin,Kronecoin,
milocoin,MiloCoin,MiloCoin
jiyo,jiyocoin,jiyox
roofs,roofsdev,roofs
arbit,ARbitcoin,ARbit
mustangcoin,mustangcoin,mst-v3
bitf,BitFdev,BitF-source-code
veltor,veltor,
yenten,conan-equal-newone,yenten
rocketcoin,bls1232018,Rocketcoin
fujinto,fujinto,fujinto-smart-contract
uralscoin,JohnMnemonick,UralsCoin
songcoin,Songcoin,Songcoin
geertcoin,GeertAltCoin,Geertcoin
cachecoin,kalgecin,CACHeCoin
staker,stakertoken,
litebitcoin,litebitcoins,litebitcoin
bitquark,quark-project,quark
bitspace,Bitspacedev,BitSpace
bitvolt,voltcoin,Volt
ibank,ibankgroup,Ibank
anarchistsprime,AnarchistsPrime,Acp2
playercoin,TheCryptoServices,PlayerCoin
interzone,projectinterzone,ITZ
dollar-online,DOLLAR-ONLINE,DOLLAR
vaperscoin,vaperscoin,vaperscoin
bitasean,ByteCodeTeam,
crevacoin,crevacoin,creva
visionx,VisionX-Team,
gemini-dollar,gemini,dollar
bumo,bumoproject,
alibabacoin,alibabacoin,
ether-zero,etherzero-org,
fantom,Fantom-Foundation,
hycon,Team-Hycon,hycon-core
project-pai,projectpai,
super-bitcoin,superbitcoin,SuperBitcoin
futurocoin,futuro-coin,Futuro
tripio,thetripio,
metadium,metadium,
platincoin,platincoin-project,
messe-token,messews,blockchain-python
ofcoin,ofproject,
liquidity-network,liquidity-network,
lightchain,lightchainone,
weshow-token,we-token,
lightning-bitcoin,lbtcio,
game-stars,gamestarstoken,
commerce-data-connection,cdcchain,
amo-coin,AMO-Project,AMO-Contracts
moving-cloud-coin,MovingCloudChain,mcc
hdac,Hdactech,hdac
provoco-token,provocome,
shinechain,ShineChain,
the-midas-touch-gold,DigitalGoldExchange,The-Midas-Touch-Gold
molecule,MOLPROJECT,
penta,pentaglobal,
intelligent-investment-chain,iichain,
maximine-coin,maximine,
themis,themis-network,go-themis
insurchain,insurchain,
ubique-chain-of-things,UCOT,
foin,foinio,foin
carblock,carblock-io,
united-bitcoin,UnitedBitcoin,
fairgame,FairGame2017,
prasm,PRASM-Network,PRASM
bitcoinx,bitcoinx-project,bitcoinx
ti-value,tivalueproject,
wetoken,World-WiFi,deal-referral-contract
exchange-union,ExchangeUnion,
essentia,essentiaone,
wintoken,WinchainOS,
influence-chain,InfluenceChain,
wxcoins,wxcoins,wxc-src
spendcoin,Spend,
stockchain,StockChainScc,
rrcoin,RRNCIO,RRChain
investdigital,investdigital,
cybereits,Cybereits,
fundtoken,FundFantasy,TokenSale
bankera,Bankera-token,BNK-ETH-Contract
tcoin,Tcoin-dev,tcoin
darkpaycoin,DarkPayCoin,darkpaycoin
clubcoin,BitClubDev,ClubCoin
ipchain,IPCChain,ipchain
divi,Divicoin,Divi
alchemint-standards,Alchemint,alchemintToken
valuecybertoken,valuecyber,
eligma-token,Eligma,
mfit-coin,muayfitcoin,muayfitcoin
cointogo,cointogo,
lemochain,LemoFoundationLtd,
key,bihu-id,
qyno,qyno,qynocoin
bitcapitalvendor,bitcv,
read,rockxie,LianZai
ultra-salescoud,ultraSalescloud,
iconiq-lab-token,IconiqLab,
escrowcoin,Escrow-Coin,
ionchain,ionchain,
microbitcoin,MicroBitcoinOrg,
newstoken,news-chain,newschain
dascoin,techsolutions-ltd,dascoin-blockchain
ordocoin,ordocoin,
quasarcoin,quasarcoin,quasar
coin2play,Coin2Play,
infinitecoin,infinitecoin,infinitecoin
ejoy,etherjoy,
seer,seer-project,
thingsoperatingsystem,TOSIO,tos
segwit2x,SegwitB2X,
coni,Coinbene,
bitcoin-file,bitcoinfile,bitcoinfile
oxycoin,oxycoin,
labh-coin,labhcoin,labh
deex,thedeex,
anon,anonymousbitcoin,
karma-eos,KarmaApp,eos-karma-tokens
gentarium,genterium-project,gentarium
monero-classic,monero-classic,
bodhi-eth,bodhiproject,
master-contract-token,Splyse,MCT
rubex-money,rubexmoney18,coin
carlive-chain,CarLiveChain,token-profile
cyber-movie-chain,cybermoviechain,ico
kleros,kleros,
aidos-kuneen,AidosKuneen,
ether-1,Ether1Project,
delizia,deliziaproject,
breezecoin,BreezeDeMarUK,
celsius,CelsiusNetwork,
snodecoin,snodeco,snode-coin
aware,AwareFoundation,
snipcoin,sniptoday,
bitnation,Bit-Nation,
valuto,valuto,valuto
darextravel,DarexTravel,
erc20,Belance,
blockcdn,Blockcdnteam,BCDNICO
shopzcoin,shopzcoin,shopzcoin
payday-coin,PayDayCoinIo,
incodium,nemolab-project,incodium
carboneum-c8-token,CarboneumProject,
sub-invest,EXISTDevv,SUBX-project
insureum,TeamZikto,Contract
crystal-token,CrystalToken,erc20contract
savenode,savenode,SaveNodeCore
vethor-token,vechain,thor
omencoin,omencoin,omencoin
sonder,SonderVision,
win-coin,Wincoinofficial,wincoin
idol-coin,IDOL-COIN,IDOLCOIN
gamechain,blockchaingame,
aegeus,AegeusCoin,aegeus
future1coin,future1coin,
helper-search-token,Helpersearch,
crypto-harbor-exchange,CryptoHarbor,CryptoHarborExchange
alpha-coin,aplha-coin,64f29f15ec209d4cecd3906b9f77292f
tv-two,tvtwocom,
alttex,alttex?tab=repositories,
traid,TraidPlatform,traidcoin
qchi,qch-qchi,
invictus-hyperion-fund,invictuscapital,IHF-smart-contracts
meetone,meet-one,documentation
embercoin,EmberCoin,Ember
x12-coin,x12project,x12-core
animecoin,testzcrypto,Animecoin
twist,TWISTproject,
cardbuyers,CARDbuyers,BCARD
elliot-coin,elliotproject,elli
concierge-coin,ConciergeCoin,Concierge
contractnet,ContractNetLabs,go-ContractNet
esports-token,esportschain,esportstoken
luna-stars,lunalabs,luna-smart-contract
pixie-coin,PixieCoinFoundation,PixieCoin
budbo,BudboTokenInternationalLTD,
cobrabytes,cobrabytes,CobraBytes
civitas,eastcoastcrypto,Civitas
plusonecoin,plusonecoin,plusonecoin
centaure,centaureio,centaure
vetri,vetri-global,
agrolot,AGROLOT,
ors-group,ORSGroup,ORS-Tokensale
acchain,sxmz,acchain
eplus-coin,epcoin,
cedex-coin,Cedex-Diamond-Exchange,contracts
olympic,OlympicCoin,olympic
compound-coin,compounddev,Compound-Coin
fargocoin,fargocoin,
soom,soom-4th-blockchain,soom-core
superedge,Superedgeinfo,
pandemia,pandemiacoin,pandemia
communitygeneration,bitvier,communitygeneration
magnetcoin,magnetcoindev,MagnetCoin
securecloudcoin,SecureCloudCoin,securecloudcoin
monero-original,XmanXU,monero
tellurion,telluriondev,tellurion
proud-money,Gaycoins,GAYcoin-Online
hondaiscoin,HondaisCoin,HNDC
arbitracoin,ArbiTraCoin,Arbitra-ATC
hero,jabbawookiees,2ffa21af85e637fbb1e3b661739cb96b
giga,GigaBlockchain,GIGA
cmitcoin,COMIKETCOINdev,COMIKETCOIN
idealcash,flokisatoshi,
wys-token,wysker,token-sale
storjcoin-x,Storj,
altcommunity-coin,zPools,sonoa
blockpass,blockpass-org,
able,kblockchain,
wink,winkchain,wink
pecunio,pecunio-official,pco-token
cropcoin,Cropdev,CropDev
quotient,CedricProfit,Quotient
cubits,scificrypto,CubitsV3
mooncoin,mooncoincore,
avatarcoin,avatarcoin,avatarcoin
obitan-chain,obitanchain,code2
blakestar,cryptofun,blas
blazercoin,FlikkaFlak,blazercoin
bitbase,bitbasecoin,
sakuracoin,ohac,sakuracoin
halloween-coin,hesdeadjim,HalloweenCoinFinal
infinipay,infinipay,infinipay
superior-coin,TheSuperiorCoin,TheSuperiorCoin
cottoncoin,cottoncoin,cottoncoin
cloud,cwmdev,a72fe06869d1296c10458df8b51b2d20
record,recordfoundation,record-token-contract
crypto-improvement-fund,CIF-Github,
axiom,axiomcryptocurrency,axiom
adenz,AdenzProject,Adenz
bffdoom,bffdoom,
mirq,mrqcoin,mrq
yuki,YUKIproject,token
smart-application-chain,SACChain,SAC
bitsoar,BITSOAR,wallet
mero,merocoin,
ea-coin,eacoin-project,
bubble,spayse,Bubble
betacoin,betacoindev,betacoin
aces,aces-coin,AcesCoin
marxcoin,MARXCOIN01,MARX
bitok,bitokproject,bitok
huncoin,huncoin,
birds,Birdsdev,Birds
cyder,cyderenergy,cyder
iquant,IquantChain,
high-gain,highgainqubit,highgain
gold-reward-token,goldreward,grx-token
rublix,rublixdev,
super-game-chain,JayNarv,sgc-gamebook
fcoin-token,FCoinOfficial,
rocket-pool,rocket-pool,rocketpool
ferron,theferron,ferron
emaratcoin,emaratcoin,EmaratCoinProject
playcoin-erc20,playcoindev,ERCContract
bitibu-coin,bitibu,bitibucoin
bitserial,bitserialio,
